{
    "$schema": "https://schema.management.azure.com/schemas/2015-01-01/deploymentParameters.json#",
    "contentVersion": "1.0.0.0",
    "parameters": {
        "virtualMachineScaleSets_vmss_box_name": {
            "value": null
        },
        "networkSecurityGroups_VmssNsg_externalid": {
            "value": null
        },
        "virtualNetworks_vmss_boxvnet_externalid": {
            "value": null
        },
        "loadBalancers_loadBalancer_externalid": {
            "value": null
        },
        "disks_vmss_box_vmss_box_0_OsDisk_1_f13899b1d0d04736a5a7991e561b79fe_externalid": {
            "value": null
        },
        "disks_vmss_box_vmss_box_1_OsDisk_1_1346a0c73a3f4b4cbfd0a292f2521b16_externalid": {
            "value": null
        }
    }
}