{
    "$schema": "https://schema.management.azure.com/schemas/2019-04-01/deploymentTemplate.json#",
    "contentVersion": "1.0.0.0",
    "parameters": {
        "virtualMachineScaleSets_vmss_box_name": {
            "defaultValue": "vmss-box",
            "type": "String"
        },
        "networkSecurityGroups_VmssNsg_externalid": {
            "defaultValue": "/subscriptions/26f01f4c-4915-46d2-b844-8fc90854ba5b/resourceGroups/vmss-ipv6-support/providers/Microsoft.Network/networkSecurityGroups/VmssNsg",
            "type": "String"
        },
        "virtualNetworks_vmss_boxvnet_externalid": {
            "defaultValue": "/subscriptions/26f01f4c-4915-46d2-b844-8fc90854ba5b/resourceGroups/vmss-ipv6-support/providers/Microsoft.Network/virtualNetworks/vmss-boxvnet",
            "type": "String"
        },
        "loadBalancers_loadBalancer_externalid": {
            "defaultValue": "/subscriptions/26f01f4c-4915-46d2-b844-8fc90854ba5b/resourceGroups/vmss-ipv6-support/providers/Microsoft.Network/loadBalancers/loadBalancer",
            "type": "String"
        },
        "disks_vmss_box_vmss_box_0_OsDisk_1_f13899b1d0d04736a5a7991e561b79fe_externalid": {
            "defaultValue": "/subscriptions/26f01f4c-4915-46d2-b844-8fc90854ba5b/resourceGroups/vmss-ipv6-support/providers/Microsoft.Compute/disks/vmss-box_vmss-box_0_OsDisk_1_f13899b1d0d04736a5a7991e561b79fe",
            "type": "String"
        },
        "disks_vmss_box_vmss_box_1_OsDisk_1_1346a0c73a3f4b4cbfd0a292f2521b16_externalid": {
            "defaultValue": "/subscriptions/26f01f4c-4915-46d2-b844-8fc90854ba5b/resourceGroups/vmss-ipv6-support/providers/Microsoft.Compute/disks/vmss-box_vmss-box_1_OsDisk_1_1346a0c73a3f4b4cbfd0a292f2521b16",
            "type": "String"
        }
    },
    "variables": {},
    "resources": [
        {
            "type": "Microsoft.Compute/virtualMachineScaleSets",
            "apiVersion": "2023-03-01",
            "name": "[parameters('virtualMachineScaleSets_vmss_box_name')]",
            "location": "westus3",
            "sku": {
                "name": "Standard_B2s_v2",
                "tier": "Standard",
                "capacity": 2
            },
            "properties": {
                "singlePlacementGroup": true,
                "orchestrationMode": "Uniform",
                "upgradePolicy": {
                    "mode": "Manual"
                },
                "virtualMachineProfile": {
                    "osProfile": {
                        "computerNamePrefix": "[parameters('virtualMachineScaleSets_vmss_box_name')]",
                        "adminUsername": "vmssadmin",
                        "windowsConfiguration": {
                            "provisionVMAgent": true,
                            "enableAutomaticUpdates": true,
                            "enableVMAgentPlatformUpdates": false
                        },
                        "secrets": [],
                        "allowExtensionOperations": true,
                        "requireGuestProvisionSignal": true
                    },
                    "storageProfile": {
                        "osDisk": {
                            "osType": "Windows",
                            "createOption": "FromImage",
                            "caching": "ReadOnly",
                            "managedDisk": {
                                "storageAccountType": "Premium_LRS"
                            },
                            "diskSizeGB": 127
                        },
                        "imageReference": {
                            "publisher": "MicrosoftWindowsServer",
                            "offer": "WindowsServer",
                            "sku": "2019-Datacenter",
                            "version": "latest"
                        }
                    },
                    "networkProfile": {
                        "networkInterfaceConfigurations": [
                            {
                                "name": "[concat(parameters('virtualMachineScaleSets_vmss_box_name'), 'nic')]",
                                "properties": {
                                    "primary": true,
                                    "disableTcpStateTracking": false,
                                    "networkSecurityGroup": {
                                        "id": "[parameters('networkSecurityGroups_VmssNsg_externalid')]"
                                    },
                                    "dnsSettings": {
                                        "dnsServers": []
                                    },
                                    "enableIPForwarding": false,
                                    "ipConfigurations": [
                                        {
                                            "name": "[concat(parameters('virtualMachineScaleSets_vmss_box_name'), 'ipconfig')]",
                                            "properties": {
                                                "publicIPAddressConfiguration": {
                                                    "name": "pub1",
                                                    "properties": {
                                                        "idleTimeoutInMinutes": 15,
                                                        "ipTags": [],
                                                        "publicIPAddressVersion": "IPv4"
                                                    }
                                                },
                                                "primary": true,
                                                "subnet": {
                                                    "id": "[concat(parameters('virtualNetworks_vmss_boxvnet_externalid'), concat('/subnets/', parameters('virtualMachineScaleSets_vmss_box_name'), 'subnet'))]"
                                                },
                                                "privateIPAddressVersion": "IPv4",
                                                "loadBalancerBackendAddressPools": [
                                                    {
                                                        "id": "[concat(parameters('loadBalancers_loadBalancer_externalid'), concat('/backendAddressPools/', parameters('virtualMachineScaleSets_vmss_box_name'), 'bepool'))]"
                                                    }
                                                ],
                                                "loadBalancerInboundNatPools": [
                                                    {
                                                        "id": "[concat(parameters('loadBalancers_loadBalancer_externalid'), concat('/inboundNatPools/', parameters('virtualMachineScaleSets_vmss_box_name'), 'natpool'))]"
                                                    }
                                                ]
                                            }
                                        },
                                        {
                                            "name": "[concat(parameters('virtualMachineScaleSets_vmss_box_name'), 'ipconfig-v6')]",
                                            "properties": {
                                                "subnet": {
                                                    "id": "[concat(parameters('virtualNetworks_vmss_boxvnet_externalid'), concat('/subnets/', parameters('virtualMachineScaleSets_vmss_box_name'), 'subnet'))]"
                                                },
                                                "privateIPAddressVersion": "IPv6",
                                                "loadBalancerBackendAddressPools": [
                                                    {
                                                        "id": "[concat(parameters('loadBalancers_loadBalancer_externalid'), concat('/backendAddressPools/', parameters('virtualMachineScaleSets_vmss_box_name'), 'bepoolv6'))]"
                                                    }
                                                ]
                                            }
                                        }
                                    ]
                                }
                            }
                        ]
                    },
                    "extensionProfile": {
                        "extensions": [
                            {
                                "name": "Microsoft.Powershell.DSC",
                                "properties": {
                                    "autoUpgradeMinorVersion": true,
                                    "forceUpdateTag": "1.0",
                                    "publisher": "Microsoft.Powershell",
                                    "type": "DSC",
                                    "typeHandlerVersion": "2.9",
                                    "settings": {
                                        "configuration": {
                                            "url": "https://raw.githubusercontent.com/Azure/azure-quickstart-templates/master/demos/vmss-windows-webapp-dsc-autoscale/DSC/InstallIIS.zip",
                                            "script": "InstallIIS.ps1",
                                            "function": "InstallIIS"
                                        },
                                        "configurationArguments": {
                                            "nodeName": "localhost",
                                            "WebDeployPackagePath": "https://raw.githubusercontent.com/Azure/azure-quickstart-templates/master/demos/vmss-windows-webapp-dsc-autoscale/WebDeploy/DefaultASPWebApp.v1.0.zip"
                                        }
                                    }
                                }
                            }
                        ]
                    }
                },
                "overprovision": false,
                "doNotRunExtensionsOnOverprovisionedVMs": false
            }
        },
        {
            "type": "Microsoft.Compute/virtualMachineScaleSets/extensions",
            "apiVersion": "2023-03-01",
            "name": "[concat(parameters('virtualMachineScaleSets_vmss_box_name'), '/Microsoft.Powershell.DSC')]",
            "dependsOn": [
                "[resourceId('Microsoft.Compute/virtualMachineScaleSets', parameters('virtualMachineScaleSets_vmss_box_name'))]"
            ],
            "properties": {
                "provisioningState": "Succeeded",
                "autoUpgradeMinorVersion": true,
                "forceUpdateTag": "1.0",
                "publisher": "Microsoft.Powershell",
                "type": "DSC",
                "typeHandlerVersion": "2.9",
                "settings": {
                    "configuration": {
                        "url": "https://raw.githubusercontent.com/Azure/azure-quickstart-templates/master/demos/vmss-windows-webapp-dsc-autoscale/DSC/InstallIIS.zip",
                        "script": "InstallIIS.ps1",
                        "function": "InstallIIS"
                    },
                    "configurationArguments": {
                        "nodeName": "localhost",
                        "WebDeployPackagePath": "https://raw.githubusercontent.com/Azure/azure-quickstart-templates/master/demos/vmss-windows-webapp-dsc-autoscale/WebDeploy/DefaultASPWebApp.v1.0.zip"
                    }
                }
            }
        },
        {
            "type": "Microsoft.Compute/virtualMachineScaleSets/virtualMachines",
            "apiVersion": "2023-03-01",
            "name": "[concat(parameters('virtualMachineScaleSets_vmss_box_name'), '/0')]",
            "location": "westus3",
            "dependsOn": [
                "[resourceId('Microsoft.Compute/virtualMachineScaleSets', parameters('virtualMachineScaleSets_vmss_box_name'))]"
            ],
            "sku": {
                "name": "Standard_B2s_v2",
                "tier": "Standard"
            },
            "properties": {
                "networkProfileConfiguration": {
                    "networkInterfaceConfigurations": [
                        {
                            "name": "vmss-boxnic",
                            "properties": {
                                "primary": true,
                                "disableTcpStateTracking": false,
                                "networkSecurityGroup": {
                                    "id": "[parameters('networkSecurityGroups_VmssNsg_externalid')]"
                                },
                                "dnsSettings": {
                                    "dnsServers": []
                                },
                                "enableIPForwarding": false,
                                "ipConfigurations": [
                                    {
                                        "name": "vmss-boxipconfig",
                                        "properties": {
                                            "publicIPAddressConfiguration": {
                                                "name": "pub1",
                                                "properties": {
                                                    "idleTimeoutInMinutes": 15,
                                                    "ipTags": [],
                                                    "publicIPAddressVersion": "IPv4"
                                                }
                                            },
                                            "primary": true,
                                            "subnet": {
                                                "id": "[concat(parameters('virtualNetworks_vmss_boxvnet_externalid'), '/subnets/vmss-boxsubnet')]"
                                            },
                                            "privateIPAddressVersion": "IPv4",
                                            "loadBalancerBackendAddressPools": [
                                                {
                                                    "id": "[concat(parameters('loadBalancers_loadBalancer_externalid'), '/backendAddressPools/vmss-boxbepool')]"
                                                }
                                            ],
                                            "loadBalancerInboundNatPools": [
                                                {
                                                    "id": "[concat(parameters('loadBalancers_loadBalancer_externalid'), '/inboundNatPools/vmss-boxnatpool')]"
                                                }
                                            ]
                                        }
                                    },
                                    {
                                        "name": "vmss-boxipconfig-v6",
                                        "properties": {
                                            "subnet": {
                                                "id": "[concat(parameters('virtualNetworks_vmss_boxvnet_externalid'), '/subnets/vmss-boxsubnet')]"
                                            },
                                            "privateIPAddressVersion": "IPv6",
                                            "loadBalancerBackendAddressPools": [
                                                {
                                                    "id": "[concat(parameters('loadBalancers_loadBalancer_externalid'), '/backendAddressPools/vmss-boxbepoolv6')]"
                                                }
                                            ]
                                        }
                                    }
                                ]
                            }
                        }
                    ]
                },
                "hardwareProfile": {
                    "vmSize": "Standard_B2s_v2"
                },
                "storageProfile": {
                    "imageReference": {
                        "publisher": "MicrosoftWindowsServer",
                        "offer": "WindowsServer",
                        "sku": "2019-Datacenter",
                        "version": "latest"
                    },
                    "osDisk": {
                        "osType": "Windows",
                        "name": "vmss-box_vmss-box_0_OsDisk_1_f13899b1d0d04736a5a7991e561b79fe",
                        "createOption": "FromImage",
                        "caching": "ReadOnly",
                        "managedDisk": {
                            "storageAccountType": "Premium_LRS",
                            "id": "[parameters('disks_vmss_box_vmss_box_0_OsDisk_1_f13899b1d0d04736a5a7991e561b79fe_externalid')]"
                        },
                        "diskSizeGB": 127
                    },
                    "dataDisks": []
                },
                "osProfile": {
                    "computerName": "vmss-box000000",
                    "adminUsername": "vmssadmin",
                    "windowsConfiguration": {
                        "provisionVMAgent": true,
                        "enableAutomaticUpdates": true,
                        "enableVMAgentPlatformUpdates": false
                    },
                    "secrets": [],
                    "allowExtensionOperations": true,
                    "requireGuestProvisionSignal": true
                },
                "networkProfile": {
                    "networkInterfaces": [
                        {
                            "id": "[concat(resourceId('Microsoft.Compute/virtualMachineScaleSets/virtualMachines', parameters('virtualMachineScaleSets_vmss_box_name'), '0'), '/networkInterfaces/vmss-boxnic')]"
                        }
                    ]
                }
            }
        },
        {
            "type": "Microsoft.Compute/virtualMachineScaleSets/virtualMachines",
            "apiVersion": "2023-03-01",
            "name": "[concat(parameters('virtualMachineScaleSets_vmss_box_name'), '/1')]",
            "location": "westus3",
            "dependsOn": [
                "[resourceId('Microsoft.Compute/virtualMachineScaleSets', parameters('virtualMachineScaleSets_vmss_box_name'))]"
            ],
            "sku": {
                "name": "Standard_B2s_v2",
                "tier": "Standard"
            },
            "properties": {
                "networkProfileConfiguration": {
                    "networkInterfaceConfigurations": [
                        {
                            "name": "vmss-boxnic",
                            "properties": {
                                "primary": true,
                                "disableTcpStateTracking": false,
                                "networkSecurityGroup": {
                                    "id": "[parameters('networkSecurityGroups_VmssNsg_externalid')]"
                                },
                                "dnsSettings": {
                                    "dnsServers": []
                                },
                                "enableIPForwarding": false,
                                "ipConfigurations": [
                                    {
                                        "name": "vmss-boxipconfig",
                                        "properties": {
                                            "publicIPAddressConfiguration": {
                                                "name": "pub1",
                                                "properties": {
                                                    "idleTimeoutInMinutes": 15,
                                                    "ipTags": [],
                                                    "publicIPAddressVersion": "IPv4"
                                                }
                                            },
                                            "primary": true,
                                            "subnet": {
                                                "id": "[concat(parameters('virtualNetworks_vmss_boxvnet_externalid'), '/subnets/vmss-boxsubnet')]"
                                            },
                                            "privateIPAddressVersion": "IPv4",
                                            "loadBalancerBackendAddressPools": [
                                                {
                                                    "id": "[concat(parameters('loadBalancers_loadBalancer_externalid'), '/backendAddressPools/vmss-boxbepool')]"
                                                }
                                            ],
                                            "loadBalancerInboundNatPools": [
                                                {
                                                    "id": "[concat(parameters('loadBalancers_loadBalancer_externalid'), '/inboundNatPools/vmss-boxnatpool')]"
                                                }
                                            ]
                                        }
                                    },
                                    {
                                        "name": "vmss-boxipconfig-v6",
                                        "properties": {
                                            "subnet": {
                                                "id": "[concat(parameters('virtualNetworks_vmss_boxvnet_externalid'), '/subnets/vmss-boxsubnet')]"
                                            },
                                            "privateIPAddressVersion": "IPv6",
                                            "loadBalancerBackendAddressPools": [
                                                {
                                                    "id": "[concat(parameters('loadBalancers_loadBalancer_externalid'), '/backendAddressPools/vmss-boxbepoolv6')]"
                                                }
                                            ]
                                        }
                                    }
                                ]
                            }
                        }
                    ]
                },
                "hardwareProfile": {
                    "vmSize": "Standard_B2s_v2"
                },
                "storageProfile": {
                    "imageReference": {
                        "publisher": "MicrosoftWindowsServer",
                        "offer": "WindowsServer",
                        "sku": "2019-Datacenter",
                        "version": "latest"
                    },
                    "osDisk": {
                        "osType": "Windows",
                        "name": "vmss-box_vmss-box_1_OsDisk_1_1346a0c73a3f4b4cbfd0a292f2521b16",
                        "createOption": "FromImage",
                        "caching": "ReadOnly",
                        "managedDisk": {
                            "storageAccountType": "Premium_LRS",
                            "id": "[parameters('disks_vmss_box_vmss_box_1_OsDisk_1_1346a0c73a3f4b4cbfd0a292f2521b16_externalid')]"
                        },
                        "diskSizeGB": 127
                    },
                    "dataDisks": []
                },
                "osProfile": {
                    "computerName": "vmss-box000001",
                    "adminUsername": "vmssadmin",
                    "windowsConfiguration": {
                        "provisionVMAgent": true,
                        "enableAutomaticUpdates": true,
                        "enableVMAgentPlatformUpdates": false
                    },
                    "secrets": [],
                    "allowExtensionOperations": true,
                    "requireGuestProvisionSignal": true
                },
                "networkProfile": {
                    "networkInterfaces": [
                        {
                            "id": "[concat(resourceId('Microsoft.Compute/virtualMachineScaleSets/virtualMachines', parameters('virtualMachineScaleSets_vmss_box_name'), '1'), '/networkInterfaces/vmss-boxnic')]"
                        }
                    ]
                }
            }
        },
        {
            "type": "Microsoft.Compute/virtualMachineScaleSets/virtualMachines/extensions",
            "apiVersion": "2023-03-01",
            "name": "[concat(parameters('virtualMachineScaleSets_vmss_box_name'), '/0/Microsoft.Powershell.DSC')]",
            "location": "westus3",
            "dependsOn": [
                "[resourceId('Microsoft.Compute/virtualMachineScaleSets/virtualMachines', parameters('virtualMachineScaleSets_vmss_box_name'), '0')]",
                "[resourceId('Microsoft.Compute/virtualMachineScaleSets', parameters('virtualMachineScaleSets_vmss_box_name'))]"
            ],
            "properties": {
                "autoUpgradeMinorVersion": true,
                "forceUpdateTag": "1.0",
                "publisher": "Microsoft.Powershell",
                "type": "DSC",
                "typeHandlerVersion": "2.9",
                "settings": {}
            }
        },
        {
            "type": "Microsoft.Compute/virtualMachineScaleSets/virtualMachines/extensions",
            "apiVersion": "2023-03-01",
            "name": "[concat(parameters('virtualMachineScaleSets_vmss_box_name'), '/1/Microsoft.Powershell.DSC')]",
            "location": "westus3",
            "dependsOn": [
                "[resourceId('Microsoft.Compute/virtualMachineScaleSets/virtualMachines', parameters('virtualMachineScaleSets_vmss_box_name'), '1')]",
                "[resourceId('Microsoft.Compute/virtualMachineScaleSets', parameters('virtualMachineScaleSets_vmss_box_name'))]"
            ],
            "properties": {
                "autoUpgradeMinorVersion": true,
                "forceUpdateTag": "1.0",
                "publisher": "Microsoft.Powershell",
                "type": "DSC",
                "typeHandlerVersion": "2.9",
                "settings": {}
            }
        }
    ]
}